file_name,label
602356487.mp4,9
838716540.mp4,5
897974621_70_80.mp4,2
879516906.mp4,3
748491221_220_230.mp4,7
722620921.mp4,11
303746162.mp4,9
706227531.mp4,9
871165537.mp4,4
694085350.mp4,1
786807426.mp4,9
748103329.mp4,9
705087609_4_14.mp4,12
862817753.mp4,10
770115835.mp4,3
747948309_41_51.mp4,13
848484606.mp4,3
537451045_56_66.mp4,12
573436213_128_138.mp4,7
556786463.mp4,9
577824608.mp4,9
774378691_22_32.mp4,13
880002110_96_106.mp4,7
712154763.mp4,14
52503778.mp4,8
573436213_173_183.mp4,7
368475257.mp4,6
850712126.mp4,4
797546417_46_56.mp4,7
894563951.mp4,9
851988511.mp4,9
870573538.mp4,0
874969579.mp4,11
826212130_10_20.mp4,2
651622935.mp4,11
505706809_9_19.mp4,12
537167457.mp4,9
39321827.mp4,0
790494613_39_49.mp4,8
365340885.mp4,10
574253307.mp4,9
514132032_99_109.mp4,7
676636563_70_80.mp4,7
358656638.mp4,5
897123691_67_77.mp4,8
857688282.mp4,4
887501624.mp4,6
794987630.mp4,12
884621194.mp4,10
819154079_220_230.mp4,7
870561850.mp4,14
868096020.mp4,10
898979241_23_33.mp4,13
57105294.mp4,0
693131329_145_155.mp4,7
880362805.mp4,10
837503823.mp4,10
71257269.mp4,5
876187466.mp4,3
36012750.mp4,5
79748834.mp4,9
896319825.mp4,3
765629064.mp4,1
797235482_145_155.mp4,7
829934723_164_174.mp4,6
629457573.mp4,9
882718107.mp4,10
706186804_211_221.mp4,6
790103905.mp4,10
48362666.mp4,4
874001655.mp4,4
5642462.mp4,5
883241555_54_64.mp4,13
894518711.mp4,3
898839907.mp4,9
860191108.mp4,11
786476903.mp4,1
536112086.mp4,5
784648406_69_79.mp4,1
749414004.mp4,9
690153645_70_80.mp4,7
565820325.mp4,9
890402646.mp4,1
831668193.mp4,10
626640836_15_25.mp4,12
873890800.mp4,10
870653292.mp4,1
697397329_110_120.mp4,8
849380467.mp4,3
875649979.mp4,3
6707281.mp4,9
888065475.mp4,3
69498975.mp4,5
39320084.mp4,7
510664476.mp4,14
691373102.mp4,3
859506628_196_206.mp4,2
856436598.mp4,1
828364025_31_41.mp4,2
718805350_33_43.mp4,2
870971371.mp4,3
729641465.mp4,4
857407018_145_155.mp4,13
896533106.mp4,13
744306825_95_105.mp4,8
883309129.mp4,3
626654758_145_155.mp4,7
813428264.mp4,9
5902704.mp4,9
764639674_41_51.mp4,8
882929978_144_154.mp4,12
626800897_217_227.mp4,7
878986246.mp4,10
833873906_16_26.mp4,6
303771055.mp4,1
690204471_145_155.mp4,7
541586604.mp4,9
773924242_46_56.mp4,7
59542068.mp4,2
749942461_74_84.mp4,1
712265316.mp4,9
873310341.mp4,10
807122394.mp4,0
885245494.mp4,9
568191064_27_37.mp4,14
333014934.mp4,9
695523226_70_80.mp4,7
556558364.mp4,9
884937937.mp4,10
888514991_85_95.mp4,6
325491436.mp4,4
862381695.mp4,3
826153989.mp4,9
608289523.mp4,9
79119610.mp4,4
829908958.mp4,9
887213280.mp4,10
636288992.mp4,9
698099499_9_19.mp4,8
889208876.mp4,10
749942461_58_68.mp4,8
643955341.mp4,3
897408931_220_230.mp4,14
878732672_52_62.mp4,1
830345084.mp4,10
635754867_34_44.mp4,1
850808198.mp4,9
429736530_10_20.mp4,12
869682146.mp4,3
50461387.mp4,5
74147795.mp4,0
878575231.mp4,9
864470780_220_230.mp4,7
701407973.mp4,9
800849666_70_80.mp4,7
885102361.mp4,3
695585839_70_80.mp4,7
693550664.mp4,11
409854840.mp4,3
535778223.mp4,9
796231945_11_21.mp4,13
564176396.mp4,11
878038920.mp4,10
627448934.mp4,13
815881327.mp4,9
306772421.mp4,9
858926243.mp4,11
888514991_55_65.mp4,6
872815707.mp4,3
873459929.mp4,3
303866446.mp4,0
863169253.mp4,3
639250267_220_230.mp4,7
551123797_12_22.mp4,6
882760008.mp4,3
515340506.mp4,9
581001724_11_21.mp4,12
715079080.mp4,9
759669572.mp4,8
717407230_22_32.mp4,8
704471180.mp4,9
6946994.mp4,5
48575368.mp4,0
887486577.mp4,3
875644481.mp4,3
885365555.mp4,11
859592443.mp4,4
871377238.mp4,3
896859690_38_48.mp4,2
892779858_170_180.mp4,8
874379975.mp4,3
514132032_29_39.mp4,7
880869158.mp4,1
42484282.mp4,1
817822054_32_42.mp4,7
360909295.mp4,5
5266876.mp4,0
438532167_36_46.mp4,6
504537941_192_202.mp4,12
789843145.mp4,11
871184135.mp4,3
592129807.mp4,9
896702363.mp4,3
872979960.mp4,13
632496482_131_141.mp4,7
768223187.mp4,9
881951515.mp4,10
770845101.mp4,3
7416208.mp4,0
689096551.mp4,10
593524959.mp4,9
898713711.mp4,9
82722526.mp4,10
890010075.mp4,9
776449937.mp4,10
800413801_45_55.mp4,7
879744805.mp4,4
697397329_52_62.mp4,8
822833754_48_58.mp4,6
828113785.mp4,9
862565823.mp4,13
853720165.mp4,11
607278238.mp4,9
893894475.mp4,3
877523625.mp4,5
636918173.mp4,9
372665420.mp4,5
852924390.mp4,14
611465932_16_26.mp4,12
874273086.mp4,4
546648200_30_40.mp4,12
36845841.mp4,5
697070157_177_187.mp4,7
776358091_145_155.mp4,7
872986829.mp4,3
899865823.mp4,10
871106242.mp4,4
683965826_70_80.mp4,7
899183470.mp4,3
868490705.mp4,3
857410894.mp4,10
787361511_17_27.mp4,8
881899394.mp4,4
774327707.mp4,1
698571268.mp4,9
77267354.mp4,9
870106187.mp4,12
857783106.mp4,10
813210203.mp4,9
477818029_16_26.mp4,12
894157778.mp4,4
860892905.mp4,11
879547948.mp4,11
641554605_70_80.mp4,7
852930452_178_188.mp4,7
843718136.mp4,11
363902454.mp4,5
853244558.mp4,1
581135285.mp4,9
882929978_69_79.mp4,12
706755641.mp4,9
867206855_47_57.mp4,2
747948309_10_20.mp4,13
818855951.mp4,13
556382066_145_155.mp4,7
541318264.mp4,5
699578156_70_80.mp4,7
695285383_220_230.mp4,7
515111914.mp4,9
864558817.mp4,9
303783414.mp4,3
792710970.mp4,9
830715480.mp4,9
891644597.mp4,10
623074231_70_80.mp4,7
872395934.mp4,10
862528275.mp4,3
303942687.mp4,5
40200996.mp4,9
304078846.mp4,0
52378965.mp4,0
695585839_145_155.mp4,7
854822864.mp4,3
768032195_70_80.mp4,7
879003911.mp4,3
8744603.mp4,9
796231945_27_37.mp4,13
349118501.mp4,5
877334717.mp4,3
639669265.mp4,3
551709731.mp4,5
308166809.mp4,5
869489791_145_155.mp4,7
606169000_143_153.mp4,2
30393422.mp4,10
855660919_11_21.mp4,1
691825569_70_80.mp4,7
798027569_29_39.mp4,2
54945826.mp4,5
5738877.mp4,0
717586170_10_20.mp4,13
551123797_30_40.mp4,9
788994036_5_15.mp4,13
827826075.mp4,3
674641233_95_105.mp4,2
540348026_28_38.mp4,1
57351046.mp4,6
337689228.mp4,5
791726161.mp4,13
38627793.mp4,9
304069544.mp4,3
875739492.mp4,4
635644677_101_111.mp4,7
576776907.mp4,9
729324696_8_18.mp4,8
873717291_45_55.mp4,7
64309982.mp4,5
688364453.mp4,0
778582774_145_155.mp4,7
765155432_72_82.mp4,6
874937798.mp4,3
34623580.mp4,5
49216813.mp4,5
699517398.mp4,9
556337074.mp4,9
87223749.mp4,5
614153128.mp4,11
371042623.mp4,4
615284468_36_46.mp4,8
896906535.mp4,11
813514296_12_22.mp4,13
895698686.mp4,11
554809537.mp4,9
760912618.mp4,9
815032153.mp4,9
863818416.mp4,4
870407356_41_51.mp4,6
891555421.mp4,4
469167330_18_28.mp4,12
873574846.mp4,3
862680857_157_167.mp4,2
502611997.mp4,10
873717291_20_30.mp4,7
882929978_218_228.mp4,12
89318058.mp4,10
606999518_38_48.mp4,8
543128149.mp4,9
59914539.mp4,5
601676033.mp4,10
588848124.mp4,5
636781507_139_149.mp4,7
765713702.mp4,0
850459947.mp4,10
5258353.mp4,5
669938845_106_116.mp4,7
845864817.mp4,12
843371602.mp4,9
883775405.mp4,11
514384290.mp4,9
332385400.mp4,9
878660720.mp4,3
712309585.mp4,9
766581798.mp4,10
508659635.mp4,0
695599119_54_64.mp4,13
341676117.mp4,13
896818669.mp4,3
882943963_103_113.mp4,1
854991739.mp4,4
888739850_32_42.mp4,2
329729162.mp4,5
560572233.mp4,9
829923135_61_71.mp4,6
671130847.mp4,9
871706274_71_81.mp4,13
303922809.mp4,0
889213666.mp4,10
882203263.mp4,3
333157148.mp4,1
408599503_47_57.mp4,6
869923752.mp4,4
828058750_130_140.mp4,7
794662928_70_80.mp4,7
856158461.mp4,3
774775670.mp4,9
863946914_23_33.mp4,2
853499607.mp4,10
870498360.mp4,9
744247349.mp4,9
690204471_70_80.mp4,7
631397037_153_163.mp4,7
875020414.mp4,3
879095619.mp4,4
477019121_32_42.mp4,12
881902836.mp4,3
879303638.mp4,3
51488569.mp4,0
865456576_80_90.mp4,12
761042646_145_155.mp4,7
72588892.mp4,1
830404487.mp4,4
320717634.mp4,5
863068014.mp4,3
671288999.mp4,11
878078287.mp4,3
884748270_152_162.mp4,13
626014566.mp4,10
611465932_5_15.mp4,12
895265820_10_20.mp4,1
670254098_42_52.mp4,6
820130552.mp4,1
858710699.mp4,3
408600299_117_127.mp4,14
352065396.mp4,5
6732761.mp4,10
876037195_13_23.mp4,1
775481918.mp4,9
617981682_220_230.mp4,7
896815595_211_221.mp4,6
863149037.mp4,3
689998346_70_80.mp4,7
879825155_56_66.mp4,1
899731707_220_230.mp4,7
858720824.mp4,3
869178884.mp4,12
773243351_129_139.mp4,8
6492032.mp4,9
498827293.mp4,9
888671701.mp4,3
801303647.mp4,9
601130160.mp4,9
887611305.mp4,4
545297066.mp4,9
567746361.mp4,3
305345937.mp4,5
5051730.mp4,5
632568975_196_206.mp4,7
699205724_30_40.mp4,1
836016047_59_69.mp4,2
635754867_8_18.mp4,8
844872838.mp4,9
766591301_68_78.mp4,8
897551456.mp4,9
344025523.mp4,5
890929937_18_28.mp4,13
812120053.mp4,9
307240559.mp4,5
875400691.mp4,3
6107590.mp4,0
641554605_220_230.mp4,7
602483988_142_152.mp4,6
879817699.mp4,3
871273898_41_51.mp4,2
711973310_16_26.mp4,1
848738021.mp4,11
892760815_57_67.mp4,2
877107361.mp4,3
666643153.mp4,9
765155432_53_63.mp4,7
636873741_62_72.mp4,7
898969484_32_42.mp4,2
547837942_145_155.mp4,7
876477001.mp4,3
843210893_177_187.mp4,6
871493696.mp4,3
612927417.mp4,9
864289450_32_42.mp4,8
605741545_101_111.mp4,12
875168691.mp4,3
623849245_45_55.mp4,1
558661802.mp4,9
722887206.mp4,9
603115289_33_43.mp4,12
870868157.mp4,3
855121784.mp4,11
602442067_25_35.mp4,12
631397037_47_57.mp4,7
696564664_58_68.mp4,8
718805350_7_17.mp4,2
545952117.mp4,10
707345459.mp4,10
639123480.mp4,4
830625195.mp4,9
868019225_220_230.mp4,7
857104142.mp4,4
841981499_145_155.mp4,6
888514991_25_35.mp4,13
737518908_146_156.mp4,7
770499232.mp4,9
784648406_32_42.mp4,8
676175358.mp4,9
310524138.mp4,11
865977163.mp4,10
857984675.mp4,10
850441472.mp4,11
69482322.mp4,5
320101153.mp4,5
682933378.mp4,3
857622450.mp4,3
346789577.mp4,5
729324696_48_58.mp4,8
813337887_25_35.mp4,6
820039737_57_67.mp4,2
893758840.mp4,3
753444376.mp4,10
875705468_4_14.mp4,14
325213068.mp4,5
832620875.mp4,9
69928630.mp4,9
872808790.mp4,4
73060951.mp4,5
617926001_33_43.mp4,8
518226293.mp4,9
326999982.mp4,1
61686127.mp4,9
877583516_74_84.mp4,2
870957188.mp4,3
855780574_39_49.mp4,6
603592416.mp4,9
831876.mp4,0
895794270_40_50.mp4,1
783913871_220_230.mp4,1
372815696.mp4,5
304037982.mp4,9
839001830.mp4,13
864224574.mp4,3
676344603_70_80.mp4,6
736167763.mp4,9
797546417_72_82.mp4,0
787361511_51_61.mp4,8
868673979_22_32.mp4,2
600413707_144_154.mp4,7
697317054_67_77.mp4,12
617926001_7_17.mp4,8
71914397.mp4,5
837148190.mp4,9
842701577.mp4,0
877249843.mp4,3
885579319.mp4,3
877917485.mp4,3
30018754.mp4,9
537271104.mp4,12
477818029_5_15.mp4,12
637674945.mp4,12
832794828_47_57.mp4,1
70396709.mp4,0
641803391.mp4,9
632496482_199_209.mp4,7
750939902.mp4,9
690925482.mp4,10
886339379_26_36.mp4,1
885328640.mp4,13
858493557_116_126.mp4,7
641025194_186_196.mp4,6
702870911_22_32.mp4,6
878575545.mp4,3
873006562.mp4,9
543121627.mp4,9
872048877.mp4,3
501034834.mp4,12
837886335.mp4,10
862063858.mp4,9
